{"data_time": 0.003211499999995482, "eta_seconds": 1400.8431255, "iteration": 19, "loss_box_reg": 0.3901834636926651, "loss_cls": 1.2598888874053955, "lr": 0.00012754000000000002, "num_pos_anchors": 33.25, "rank_data_time": 0.003211499999995482, "time": 10.77571635, "total_loss": 1.6040516048669815, "total_val_loss": 1.274790346622467, "val_loss_box_reg": 0.28386805951595306, "val_loss_cls": 0.966312825679779}
{"data_time": 0.0036361499999770786, "eta_seconds": 1185.5996624999993, "iteration": 39, "loss_box_reg": 0.25616197288036346, "loss_cls": 0.4475187808275223, "lr": 0.00026074000000000003, "num_pos_anchors": 32.125, "rank_data_time": 0.0036361499999770786, "time": 10.778178749999995, "total_loss": 0.7165333032608032, "total_val_loss": 0.5889105275273323, "val_loss_box_reg": 0.20782610774040222, "val_loss_cls": 0.37017421424388885}
{"data_time": 0.0032769500000426888, "eta_seconds": 988.237282499997, "iteration": 59, "loss_box_reg": 0.21119487285614014, "loss_cls": 0.2586847245693207, "lr": 0.00039393999999999996, "num_pos_anchors": 32.875, "rank_data_time": 0.0032769500000426888, "time": 11.32429529999996, "total_loss": 0.4701552242040634, "total_val_loss": 0.4370925724506378, "val_loss_box_reg": 0.19215743243694305, "val_loss_cls": 0.2452976107597351}
{"data_time": 0.003447700000037912, "eta_seconds": 768.6289974999977, "iteration": 79, "loss_box_reg": 0.21396005153656006, "loss_cls": 0.20337378233671188, "lr": 0.0005271399999999999, "num_pos_anchors": 33.0, "rank_data_time": 0.003447700000037912, "time": 10.964870299999973, "total_loss": 0.4213651940226555, "total_val_loss": 0.3239811733365059, "val_loss_box_reg": 0.1630469560623169, "val_loss_cls": 0.17678698152303696}
{"data_time": 0.003517899999906149, "eta_seconds": 548.6508624999999, "iteration": 99, "loss_box_reg": 0.18561196327209473, "loss_cls": 0.2202783301472664, "lr": 0.00066034, "num_pos_anchors": 32.625, "rank_data_time": 0.003517899999906149, "time": 10.862220799999989, "total_loss": 0.3978322818875313, "total_val_loss": 0.3877488225698471, "val_loss_box_reg": 0.17534467577934265, "val_loss_cls": 0.2271650731563568}
{"data_time": 0.0035675999999966734, "eta_seconds": 330.81816300000014, "iteration": 119, "loss_box_reg": 0.1891389712691307, "loss_cls": 0.18486642837524414, "lr": 0.00079354, "num_pos_anchors": 33.875, "rank_data_time": 0.0035675999999966734, "time": 11.376641900000095, "total_loss": 0.3764166235923767, "total_val_loss": 0.39650809019804, "val_loss_box_reg": 0.1777951717376709, "val_loss_cls": 0.1925058364868164}
{"data_time": 0.003627449999953569, "eta_seconds": 110.27272100000005, "iteration": 139, "loss_box_reg": 0.18240582197904587, "loss_cls": 0.1586856171488762, "lr": 0.00092674, "num_pos_anchors": 33.25, "rank_data_time": 0.003627449999953569, "time": 11.010456550000072, "total_loss": 0.337794192135334, "total_val_loss": 0.3898538127541542, "val_loss_box_reg": 0.1751965507864952, "val_loss_cls": 0.22379596531391144}
{"data_time": 0.0036079000000199812, "eta_seconds": 0.0, "iteration": 149, "loss_box_reg": 0.18240582197904587, "loss_cls": 0.15524614602327347, "lr": 0.00099334, "num_pos_anchors": 33.125, "rank_data_time": 0.0036079000000199812, "time": 11.309949549999942, "total_loss": 0.34542813152074814, "total_val_loss": 0.4110366478562355, "val_loss_box_reg": 0.17880725860595703, "val_loss_cls": 0.21654421836137772}
