{"data_time": 0.0025276625000003605, "eta_seconds": 2114.976882200001, "iteration": 19, "loss_box_reg": 0.3676309287548065, "loss_cls": 1.2422119975090027, "lr": 9.540500000000001e-05, "num_pos_anchors": 33.5, "rank_data_time": 0.0025276625000003605, "time": 26.437211027500013, "total_loss": 1.5850242972373962, "total_val_loss": 1.3437839224934578, "val_loss_box_reg": 0.28618310391902924, "val_loss_cls": 1.1252314448356628}
{"data_time": 0.0019410729999549403, "eta_seconds": 1520.8756797299975, "iteration": 39, "loss_box_reg": 0.24257748574018478, "loss_cls": 0.5436152517795563, "lr": 0.000195305, "num_pos_anchors": 33.25, "rank_data_time": 0.0019410729999549403, "time": 23.77115292600007, "total_loss": 0.8854934014379978, "total_val_loss": 0.6921669170260429, "val_loss_box_reg": 0.22747160494327545, "val_loss_cls": 0.4580266624689102}
{"data_time": 0.00217974999998205, "eta_seconds": 1035.2199116199972, "iteration": 59, "loss_box_reg": 0.18918526917696, "loss_cls": 0.3025342524051666, "lr": 0.000295205, "num_pos_anchors": 32.75, "rank_data_time": 0.00217974999998205, "time": 28.818820091499788, "total_loss": 0.5196630731225014, "total_val_loss": 0.44003552198410034, "val_loss_box_reg": 0.1849960908293724, "val_loss_cls": 0.23393651843070984}
{"data_time": 0.0017831989998740028, "eta_seconds": 508.0722381099997, "iteration": 79, "loss_box_reg": 0.21173403412103653, "loss_cls": 0.22382692247629166, "lr": 0.00039510500000000003, "num_pos_anchors": 32.25, "rank_data_time": 0.0017831989998740028, "time": 24.662847021999823, "total_loss": 0.3985612764954567, "total_val_loss": 0.3580986559391022, "val_loss_box_reg": 0.16681566834449768, "val_loss_cls": 0.19023076444864273}
{"data_time": 0.0019591430002492416, "eta_seconds": 0.0, "iteration": 99, "loss_box_reg": 0.17929095029830933, "loss_cls": 0.22165858000516891, "lr": 0.000495005, "num_pos_anchors": 33.25, "rank_data_time": 0.0019591430002492416, "time": 27.503940417000194, "total_loss": 0.38538646697998047, "total_val_loss": 0.4290110617876053, "val_loss_box_reg": 0.20842505991458893, "val_loss_cls": 0.20914548635482788}
{"data_time": 0.0018230499999845051, "eta_seconds": 929.2497600000002, "iteration": 19, "loss_box_reg": 0.3572295755147934, "loss_cls": 1.0384421348571777, "lr": 9.540500000000001e-05, "num_pos_anchors": 31.75, "rank_data_time": 0.0018230499999845051, "time": 11.615622000000002, "total_loss": 1.4289803206920624, "total_val_loss": 1.3343519866466522, "val_loss_box_reg": 0.26493510603904724, "val_loss_cls": 1.0762595534324646}
{"data_time": 0.0018077499999549218, "eta_seconds": 696.9373200000001, "iteration": 39, "loss_box_reg": 0.2435319945216179, "loss_cls": 0.6043115258216858, "lr": 0.000195305, "num_pos_anchors": 32.5, "rank_data_time": 0.0018077499999549218, "time": 11.231283950000034, "total_loss": 0.8952649533748627, "total_val_loss": 0.5861182361841202, "val_loss_box_reg": 0.1975376158952713, "val_loss_cls": 0.366120383143425}
{"data_time": 0.0018362999999794738, "eta_seconds": 466.9317400000011, "iteration": 59, "loss_box_reg": 0.20762372016906738, "loss_cls": 0.3345157206058502, "lr": 0.000295205, "num_pos_anchors": 32.5, "rank_data_time": 0.0018362999999794738, "time": 11.767214599999988, "total_loss": 0.5690232738852501, "total_val_loss": 0.3883743956685066, "val_loss_box_reg": 0.1675540879368782, "val_loss_cls": 0.17473849654197693}
{"data_time": 0.0018858500000078493, "eta_seconds": 232.7154799999994, "iteration": 79, "loss_box_reg": 0.22753124684095383, "loss_cls": 0.28731757402420044, "lr": 0.00039510500000000003, "num_pos_anchors": 33.75, "rank_data_time": 0.0018858500000078493, "time": 10.889892649999865, "total_loss": 0.5038625821471214, "total_val_loss": 0.4183945804834366, "val_loss_box_reg": 0.17349660396575928, "val_loss_cls": 0.25455062091350555}
{"data_time": 0.0018456000000242057, "eta_seconds": 0.0, "iteration": 99, "loss_box_reg": 0.180046446621418, "loss_cls": 0.2821665406227112, "lr": 0.000495005, "num_pos_anchors": 31.5, "rank_data_time": 0.0018456000000242057, "time": 11.29706550000003, "total_loss": 0.49073393642902374, "total_val_loss": 0.3741196244955063, "val_loss_box_reg": 0.15892305970191956, "val_loss_cls": 0.18397380411624908}
