{"data_time": 0.0009303000000002726, "eta_seconds": 46.638111000000286, "iteration": 19, "loss_box_reg": 0.2598124295473099, "loss_cls": 1.122232437133789, "lr": 1.2754000000000002e-05, "num_pos_anchors": 32.5, "rank_data_time": 0.0009303000000002726, "time": 0.3587547000000022, "total_loss": 1.4230803772807121, "total_val_loss": 1.361821472644806, "val_loss_box_reg": 0.228544220328331, "val_loss_cls": 1.0896570086479187}
{"data_time": 0.0009990499999972258, "eta_seconds": 38.94185900000014, "iteration": 39, "loss_box_reg": 0.2940366268157959, "loss_cls": 1.0260687172412872, "lr": 2.6074000000000005e-05, "num_pos_anchors": 33.0, "rank_data_time": 0.0009990499999972258, "time": 0.34741104999999806, "total_loss": 1.5107426047325134, "total_val_loss": 1.1156198382377625, "val_loss_box_reg": 0.31172285974025726, "val_loss_cls": 0.83296138048172}
{"data_time": 0.0011302499999992222, "eta_seconds": 30.951697499999966, "iteration": 59, "loss_box_reg": 0.2718617916107178, "loss_cls": 0.8338408768177032, "lr": 3.9393999999999996e-05, "num_pos_anchors": 33.5, "rank_data_time": 0.0011302499999992222, "time": 0.3386328999999968, "total_loss": 1.0837905034422874, "total_val_loss": 0.703257642686367, "val_loss_box_reg": 0.25642333924770355, "val_loss_cls": 0.46125414967536926}
{"data_time": 0.0014056500000023675, "eta_seconds": 24.29788899999977, "iteration": 79, "loss_box_reg": 0.2855897694826126, "loss_cls": 0.6605519652366638, "lr": 5.2714e-05, "num_pos_anchors": 32.0, "rank_data_time": 0.0014056500000023675, "time": 0.3568237999999937, "total_loss": 1.032640427350998, "total_val_loss": 0.5522386059165001, "val_loss_box_reg": 0.20872560888528824, "val_loss_cls": 0.24993684142827988}
{"data_time": 0.001168999999997311, "eta_seconds": 17.459174999999938, "iteration": 99, "loss_box_reg": 0.22697385400533676, "loss_cls": 0.3378489762544632, "lr": 6.603400000000001e-05, "num_pos_anchors": 32.0, "rank_data_time": 0.001168999999997311, "time": 0.3581950999999961, "total_loss": 0.5832819864153862, "total_val_loss": 0.4888792484998703, "val_loss_box_reg": 0.22960568964481354, "val_loss_cls": 0.21763646602630615}
{"data_time": 0.0009802000000007638, "eta_seconds": 10.478786999999947, "iteration": 119, "loss_box_reg": 0.24266663193702698, "loss_cls": 0.2575809955596924, "lr": 7.9354e-05, "num_pos_anchors": 33.0, "rank_data_time": 0.0009802000000007638, "time": 0.3506988999999976, "total_loss": 0.5124520845711231, "total_val_loss": 0.3639684021472931, "val_loss_box_reg": 0.15586994588375092, "val_loss_cls": 0.17844341695308685}
{"data_time": 0.0010130000000003747, "eta_seconds": 3.478478999999979, "iteration": 139, "loss_box_reg": 0.1969764307141304, "loss_cls": 0.3401859849691391, "lr": 9.2674e-05, "num_pos_anchors": 32.0, "rank_data_time": 0.0010130000000003747, "time": 0.3102702500000021, "total_loss": 0.5864637270569801, "total_val_loss": 0.4190586656332016, "val_loss_box_reg": 0.18267740309238434, "val_loss_cls": 0.2165428251028061}
{"data_time": 0.0009985499999984881, "eta_seconds": 0.0, "iteration": 149, "loss_box_reg": 0.15938261896371841, "loss_cls": 0.25004974007606506, "lr": 9.933400000000001e-05, "num_pos_anchors": 32.0, "rank_data_time": 0.0009985499999984881, "time": 0.34968330000000236, "total_loss": 0.420061931014061, "total_val_loss": 0.3983425907790661, "val_loss_box_reg": 0.1394038200378418, "val_loss_cls": 0.2939884513616562}
{"data_time": 0.000834900000000971, "eta_seconds": 41.12847050000006, "iteration": 19, "loss_box_reg": 0.27711358666419983, "loss_cls": 1.104620337486267, "lr": 1.2754000000000002e-05, "num_pos_anchors": 31.0, "rank_data_time": 0.000834900000000971, "time": 0.3163728500000005, "total_loss": 1.5399719029664993, "total_val_loss": 1.2077795937657356, "val_loss_box_reg": 0.18729250878095627, "val_loss_cls": 1.001433938741684}
{"data_time": 0.0008961499999990963, "eta_seconds": 33.33342650000027, "iteration": 39, "loss_box_reg": 0.36765092611312866, "loss_cls": 1.1064870953559875, "lr": 2.6074000000000005e-05, "num_pos_anchors": 32.5, "rank_data_time": 0.0008961499999990963, "time": 0.29638490000000317, "total_loss": 1.33982415497303, "total_val_loss": 1.206981174647808, "val_loss_box_reg": 0.345463290810585, "val_loss_cls": 0.9061821699142456}
{"data_time": 0.0009140000000016357, "eta_seconds": 32.72736420000027, "iteration": 41, "loss_box_reg": 0.36765092611312866, "loss_cls": 1.0877153873443604, "lr": 2.7405999999999998e-05, "num_pos_anchors": 32.0, "rank_data_time": 0.0009140000000016357, "time": 0.2892933500000012, "total_loss": 1.33982415497303}
{"iteration": 40, "total_val_loss": 1.101197510957718, "val_loss_box_reg": 0.3142646253108978, "val_loss_cls": 0.8967560529708862}
